{
	"original_COPA_accuracy": {
		"bloom-7b1": 0.532,
		"bloom": 0.576,
		"falcon-7b": 0.538,
		"falcon-40b": 0.844,
		"Llama-2-7b-hf": 0.826,
		"Llama-2-13b-hf": 0.85,
		"Llama-2-70b-hf": 0.976,
		"Mistral-7B-v0.3": 0.938,
		"mpt-7b": 0.656,
		"mpt-30b": 0.848,
		"phi-2": 0.902
	},
	"gen_COPA_consistency": {
		"bloom-7b1": 0.5116988809766022,
		"bloom": 0.5877551020408164,
		"falcon-7b": 0.5050403225806451,
		"falcon-40b": 0.7325227963525835,
		"Llama-2-7b-hf": 0.673155737704918,
		"Llama-2-13b-hf": 0.7525354969574036,
		"Llama-2-70b-hf": 0.8578732106339468,
		"Mistral-7B-v0.3": 0.7774420946626385,
		"mpt-7b": 0.6016177957532861,
		"mpt-30b": 0.7013118062563067,
		"phi-2": 0.8277608915906788
	},
	"gen_COPA_consistency_greedy_200_items": {
		"bloom-7b1": 0.4666666666666667,
		"bloom": 0.5533333333333333,
		"falcon-7b": 0.4896551724137931,
		"falcon-40b": 0.7414965986394558,
		"Llama-2-7b-hf": 0.74,
		"Llama-2-13b-hf":  0.7721518987341772,
		"Llama-2-70b-hf": 0.9090909090909091,
		"mpt-7b": 0.5793103448275863,
		"mpt-30b": 0.7006802721088435
	},
	"gen_COPA_validity": {
		"bloom-7b1": 0.1,
		"bloom": 0.22666666666666666,
		"falcon-7b": 0.11333333333333333,
		"falcon-40b": 0.3433333333333333,
		"Llama-2-7b-hf": 0.19666666666666666,
		"Llama-2-13b-hf": 0.33,
		"Llama-2-70b-hf": 0.4633333333333333,
		"Mistral-7B-v0.3": 0.31,
		"mpt-7b": 0.22333333333333333,
		"mpt-30b": 	0.3,
		"phi-2": 0.44
	},
	"valid_gen_COPA_high_quality": {
		"bloom-7b1": 0.5333333333333333,
		"bloom": 0.5,
		"falcon-7b": 0.5,
		"falcon-40b": 0.5686274509803921,
		"Llama-2-7b-hf": 0.4482758620689655,
		"Llama-2-13b-hf": 0.5408163265306123,
		"Llama-2-70b-hf": 0.6159420289855072,
		"Mistral-7B-v0.3": 0.6630434782608695,
		"mpt-7b": 0.4696969696969697,
		"mpt-30b": 	0.5666666666666667,
		"phi-2": 0.6287878787878788
	},
	"gen_COPA_validity_given_consistency": {
		"bloom-7b1": 0.12883435582822086,
		"bloom": 0.26881720430107525,
		"falcon-7b": 0.10666666666666667,
		"falcon-40b": 0.4104803493449782,
		"Llama-2-7b-hf": 0.25229357798165136,
		"Llama-2-13b-hf": 0.40625,
		"Llama-2-70b-hf": 0.5372549019607843,
		"mpt-7b": 0.2147239263803681,
		"mpt-30b": 0.35545023696682465 		
	},
	"gen_COPA_first30valid_accuracy": {
		"bloom-7b1": 0.5074074074074074,
		"bloom": 0.6,
		"falcon-7b": 0.5370370370370371,
		"falcon-40b": 0.8887665198237885,
		"Llama-2-7b-hf": 0.8407407407407408,
		"Llama-2-13b-hf": 0.8814814814814815,
		"Llama-2-70b-hf": 0.9777777777777777,
		"mpt-7b": 0.7037037037037037,
		"mpt-30b": 0.8740740740740741
	},
	"gen_COPA_valid_accuracy": {
		"bloom-7b1": 0.5198237885462555,
		"bloom": 0.6277533039647577,
		"falcon-7b": 0.5605726872246696,
		"falcon-40b": 0.881578947368421,
		"Llama-2-7b-hf": 0.8711453744493393,
		"Llama-2-13b-hf": 0.9129955947136564,
		"Llama-2-70b-hf": 0.98568281938326,
		"Mistral-7B-v0.3": 0.9493392070484582,
		"mpt-7b": 0.76431718061674,
		"mpt-30b": 0.8821585903083701,
		"phi-2": 0.947136563876652
	},
	"gen_COPA_bloom-7b1_accuracy": {
		"bloom-7b1": 0.6333333333333333,
		"bloom": 0.6,
		"falcon-7b": 0.5666666666666667,
		"falcon-40b": 0.8,
		"Llama-2-7b-hf": 0.8,
		"Llama-2-13b-hf": 0.8666666666666667,
		"Llama-2-70b-hf": 1.0,
		"Mistral-7B-v0.3": 0.9666666666666667,
		"mpt-7b": 0.6666666666666666,
		"mpt-30b": 0.8,
		"phi-2": 0.8
	},
	"gen_COPA_bloom_accuracy": {
		"bloom-7b1": 0.5147058823529411,
		"bloom": 0.6764705882352942,
		"falcon-7b": 0.5294117647058824,
		"falcon-40b": 0.8823529411764706,
		"Llama-2-7b-hf":  0.8823529411764706,
		"Llama-2-13b-hf": 0.9117647058823529,
		"Llama-2-70b-hf": 1.0,
		"Mistral-7B-v0.3": 0.9852941176470589,
		"mpt-7b": 0.8382352941176471,
		"mpt-30b": 0.8823529411764706,
		"phi-2": 0.9558823529411765
	},
	"gen_COPA_falcon-7b_accuracy": {
		"bloom-7b1": 0.4117647058823529,
		"bloom": 0.7352941176470589,
		"falcon-7b": 0.5,
		"falcon-40b": 0.8823529411764706,
		"Llama-2-7b-hf": 0.7941176470588235,
		"Llama-2-13b-hf": 0.8529411764705882,
		"Llama-2-70b-hf": 1.0,
		"Mistral-7B-v0.3": 0.9411764705882353,
		"mpt-7b": 0.7058823529411765,
		"mpt-30b": 0.8823529411764706,
		"phi-2": 0.9411764705882353
	},
	"gen_COPA_falcon-40b_accuracy": {
		"bloom-7b1": 0.5294117647058824,
		"bloom": 0.6078431372549019,
		"falcon-7b": 0.5588235294117647,
		"falcon-40b":  0.8823529411764706,
		"Llama-2-7b-hf": 0.9313725490196079,
		"Llama-2-13b-hf": 0.9509803921568627,
		"Llama-2-70b-hf": 1.0,
		"Mistral-7B-v0.3": 0.9803921568627451,
		"mpt-7b": 0.803921568627451,
		"mpt-30b": 0.9411764705882353,
		"phi-2": 0.9705882352941176
	},
	"gen_COPA_Llama-2-7b-hf_accuracy": {
		"bloom-7b1": 0.6551724137931034,
		"bloom": 0.6379310344827587,
		"falcon-7b": 0.5172413793103449,
		"falcon-40b": 0.9310344827586207,
		"Llama-2-7b-hf": 0.9482758620689655,
		"Llama-2-13b-hf": 0.9655172413793104,
		"Llama-2-70b-hf": 1.0,
		"Mistral-7B-v0.3": 1.0,
		"mpt-7b": 0.7758620689655172,
		"mpt-30b": 0.9655172413793104,
		"phi-2": 0.9827586206896551
	},
	"gen_COPA_Llama-2-13b-hf_accuracy": {
		"bloom-7b1": 0.47959183673469385,
		"bloom": 0.5612244897959183,
		"falcon-7b": 0.5408163265306123,
		"falcon-40b": 0.8469387755102041,
		"Llama-2-7b-hf": 0.8979591836734694,
		"Llama-2-13b-hf": 0.9183673469387755,
		"Llama-2-70b-hf":  0.9693877551020408,
		"Mistral-7B-v0.3": 0.9285714285714286,
		"mpt-7b": 0.7142857142857143,
		"mpt-30b":  0.7959183673469388,
		"phi-2": 0.9693877551020408
	},
	"gen_COPA_Llama-2-70b-hf_accuracy": {
		"bloom-7b1": 0.5434782608695652,
		"bloom": 0.5652173913043478,
		"falcon-7b": 0.5869565217391305,
		"falcon-40b": 0.8913043478260869,
		"Llama-2-7b-hf": 0.8260869565217391,
		"Llama-2-13b-hf": 0.8913043478260869,
		"Llama-2-70b-hf": 0.9855072463768116,
		"Mistral-7B-v0.3": 0.9347826086956522,
		"mpt-7b": 0.8405797101449275,
		"mpt-30b": 0.8478260869565217,
		"phi-2": 0.9492753623188406
	},
	"gen_COPA_mpt-7b_accuracy": {
		"bloom-7b1": 0.4696969696969697,
		"bloom": 0.6060606060606061,
		"falcon-7b": 0.5606060606060606,
		"falcon-40b": 0.8939393939393939,
		"Llama-2-7b-hf":  0.8181818181818182,
		"Llama-2-13b-hf": 0.8636363636363636,
		"Llama-2-70b-hf": 0.9545454545454546,
		"Mistral-7B-v0.3": 0.8787878787878788,
		"mpt-7b":  0.5909090909090909,
		"mpt-30b": 0.8939393939393939,
		"phi-2": 0.9090909090909091
	},
	"gen_COPA_mpt-30b_accuracy": {
		"bloom-7b1":  0.4888888888888889,
		"bloom": 0.6444444444444445,
		"falcon-7b": 0.5555555555555556,
		"falcon-40b": 0.8888888888888888,
		"Llama-2-7b-hf": 0.8111111111111111,
		"Llama-2-13b-hf": 0.8666666666666667,
		"Llama-2-70b-hf": 0.9888888888888889,
		"Mistral-7B-v0.3": 0.8888888888888888,
		"mpt-7b": 0.6555555555555556,
		"mpt-30b": 0.8333333333333334,
		"phi-2": 0.9
	},
	"gen_COPA_phi-2_accuracy": {
		"bloom-7b1":  0.5075757575757576,
		"bloom": 0.7575757575757576,
		"falcon-7b": 0.6439393939393939,
		"falcon-40b": 0.9318181818181818,
		"Llama-2-7b-hf": 0.9015151515151515,
		"Llama-2-13b-hf": 0.9621212121212122,
		"Llama-2-70b-hf": 0.9924242424242424,
		"Mistral-7B-v0.3": 0.9772727272727273,
		"mpt-7b": 0.8106060606060606,
		"mpt-30b": 0.946969696969697,
		"phi-2": 0.9924242424242424
	},
	"gen_COPA_Mistral-7B_accuracy": {
		"bloom-7b1": 0.5217391304347826,
		"bloom": 0.5543478260869565,
		"falcon-7b": 0.5,
		"falcon-40b": 0.8804347826086957,
		"Llama-2-7b-hf": 0.8913043478260869,
		"Llama-2-13b-hf": 0.9130434782608695,
		"Llama-2-70b-hf": 0.967391304347826,
		"Mistral-7B-v0.3": 0.967391304347826,
		"mpt-7b": 0.8152173913043478,
		"mpt-30b": 0.8804347826086957,
		"phi-2": 0.9239130434782609
	}
}